keyword,volume,kd
seo audit tool,14742,62
keyword research tool,12500,71
backlink checker,11200,65
seo analysis,10800,58
site audit,9500,52
rank tracker,9200,68
keyword planner,8900,73
domain authority checker,8100,45
serp analyzer,7800,55
competitor analysis tool,7500,61
on page seo checker,7200,48
meta tag generator,6800,32
robots txt generator,6500,28
xml sitemap generator,6200,25
keyword density checker,5900,35
page speed checker,5800,42
broken link checker,5500,38
schema markup generator,5200,30
canonical tag checker,4900,33
redirect checker,4700,40
seo score checker,4500,47
content optimization tool,4300,53
title tag optimizer,4100,29
internal link analyzer,3900,36
anchor text analyzer,3700,41
google index checker,3500,22
mobile seo checker,3400,37
structured data tester,3200,26
heading tag checker,3000,20
image alt text checker,2800,18
hreflang tag generator,2600,34
duplicate content checker,2500,44
keyword gap analysis,2400,57
content gap analyzer,2300,50
link building tool,2200,66
serp feature tracker,2100,46
local seo audit tool,2000,39
technical seo checker,1900,51
core web vitals checker,1800,43
crawl budget optimizer,1700,56
log file analyzer,1600,49
search intent analyzer,1500,31
keyword clustering tool,1400,27
topical authority mapper,1300,24
content brief generator,1200,21
seo reporting dashboard,1139,59
featured snippet optimizer,1200,54
entity seo tool,1300,47
long tail keyword finder,1400,19
